feedback_id,student_id,subject_id,faculty_id,feedback_score,feedback_text
1,1,77,7,10,Prove ready them their successful year really lot.
2,1,78,9,3,Window item treat fact accept accept adult issue likely summer budget human.
3,1,79,9,2,Heart see another total can PM.
4,1,80,9,1,Sense thus budget television growth not now imagine.
5,2,37,4,7,Summer concern feeling near play probably rate national total cost study big.
6,2,38,4,2,Parent view attention science throughout make.
7,2,39,4,1,Choose box say design event other even cover local.
8,2,40,6,1,Cell move information lose possible hundred.
9,3,41,5,1,Region agency place world face prevent should.
10,3,42,4,5,Turn change provide like he bag.
11,3,43,5,8,History program your summer daughter near ten room open relationship meeting stage participant.
12,3,44,4,3,Next foot day authority must within enough sound family direction yourself own.
13,4,1,1,2,Red environment brother take man friend politics effect.
14,4,2,2,5,Kind amount watch for my market.
15,4,3,3,1,Standard clear never store place girl exactly part.
16,4,4,1,10,Tonight almost nor clearly last series he skill order president help case.
17,5,45,5,3,Wide blue leave game century behavior marriage me boy us begin left.
18,5,46,4,8,Score operation response cultural close nice foreign around prevent matter attention media write.
19,5,47,5,3,Rock degree center short shake to bag maintain begin last attorney.
20,5,48,5,6,Very figure shake yard brother early than feeling example road.
21,6,85,8,9,Let reality protect despite authority degree true help realize.
22,6,86,7,8,Opportunity up very me scientist avoid clear move way friend.
23,6,87,9,9,Deal especially range travel spring address choice.
24,6,88,9,5,Condition trip mission field understand several good girl.
25,7,25,3,6,Computer politics discussion evening author edge must argue page protect people consider contain.
26,7,26,2,2,Financial local enjoy skin wide couple there decide dream form order.
27,7,27,2,8,Spend science those remember middle society worker nothing compare generation.
28,7,28,2,1,Ask sell listen could be event listen become article name.
29,8,33,4,2,Free water important specific Democrat red ok executive now force.
30,8,34,5,8,Fill industry many share leader condition situation live together.
31,8,35,5,10,Trouble than east age improve school hair.
32,8,36,6,2,Radio other huge goal short hope raise Mrs under money.
33,9,37,4,7,Reality so positive ask sound remain peace book.
34,9,38,4,6,Throw minute collection color senior land material feeling care inside cell song.
35,9,39,4,4,Deep energy protect action threat less these.
36,9,40,6,4,During man number dinner successful finish improve dark environment.
37,10,93,7,1,Per security decade company economic man create special they.
38,10,94,8,3,Fly stage strategy evening development letter movie card seven continue present.
39,10,95,9,7,Team word few ten stand environment probably response economy wear president.
40,10,96,9,9,Month worry another memory career face serve ten.
41,11,29,2,3,Event safe best animal more smile admit edge three popular skill just.
42,11,30,2,8,Age never wonder red determine family.
43,11,31,3,8,Respond current long manage great foot.
44,11,32,1,10,Option may career detail least institution foreign own true build.
45,12,25,3,6,Account serious reduce red strategy idea.
46,12,26,2,3,Break two defense director agency up evening than.
47,12,27,2,6,Hundred sort us hard movie figure east recently human boy still cup.
48,12,28,2,10,Case act pattern support prepare instead box everything star detail whether.
49,13,13,3,8,Choose father shoulder agree simple fact.
50,13,14,3,9,Democrat thus return over too brother themselves suffer personal play second training.
51,13,15,1,2,Hour teach summer to measure sort.
52,13,16,3,6,Road leg sport our more institution president.
53,14,17,1,4,Activity try remember way skill later tell.
54,14,18,2,4,Throw teacher view marriage just style worker inside Republican lose national outside inside.
55,14,19,3,8,Require box budget article factor bad teach garden offer everybody born spend.
56,14,20,2,4,Outside social participant development at maybe key perform quickly full beyond understand treat.
57,15,93,7,7,Test thousand individual right audience save.
58,15,94,8,4,Drug street her product contain police rather compare scientist.
59,15,95,9,6,Way hair baby effect cell let.
60,15,96,9,9,Short section task ground wind mother lawyer amount baby have listen kind.
61,16,73,8,2,Night position condition worry history individual far we officer Republican look necessary language.
62,16,74,8,9,On themselves live hold someone director hour person.
63,16,75,9,4,Able least state enter name day.
64,16,76,8,2,Decade style true half recognize point energy science kind act.
65,17,69,8,1,Our court film sing entire high agreement hospital.
66,17,70,9,7,Follow cup manage consumer success team.
67,17,71,9,5,Bill summer analysis notice war this surface Mrs artist unit at apply off.
68,17,72,8,9,Would day father beautiful card game president bill leave billion meet baby.
69,18,13,3,5,Whatever perhaps he build any mouth.
70,18,14,3,8,Green center against customer policy morning.
71,18,15,1,10,Paper rate debate charge religious water federal.
72,18,16,3,6,Turn mother cost through he else test pretty order hotel food.
73,19,9,3,8,Short top relationship marriage college soon adult finally himself.
74,19,10,1,6,Dream goal drive almost stock project manager during course staff use.
75,19,11,3,2,Accept represent general claim anything together international stuff identify talk doctor.
76,19,12,3,10,Security physical six tough may college management serious along Mr.
77,20,25,3,5,Family hit test yet few writer see far whether market.
78,20,26,2,8,Car these major born follow pull laugh determine shake dinner threat teach up.
79,20,27,2,8,Prevent build shoulder side action billion as.
80,20,28,2,7,Hit western all choose kind give.
81,21,61,5,5,Series purpose couple teacher show stay first leave shake.
82,21,62,5,9,Way help soldier page red help.
83,21,63,5,10,Save environment thank sister easy enough behind option view.
84,21,64,4,9,Follow pressure such similar vote dream scene.
85,22,13,3,9,Later federal force enter certain say provide board fund mention pick.
86,22,14,3,7,Culture yet identify partner his face direction effort final budget.
87,22,15,1,8,Authority yes this network continue month wish already hundred movie.
88,22,16,3,1,Should serve market major national already include if Republican enjoy fill.
89,23,65,7,3,Agreement recognize owner west between small in organization law admit attack.
90,23,66,7,6,Finally itself their minute entire hand yes woman especially range sign often attorney.
91,23,67,9,4,Move which not still old Republican court leg company they its.
92,23,68,8,7,Upon probably traditional food current picture industry language economic.
93,24,5,3,1,Determine film difference break however clearly election prepare similar specific professor.
94,24,6,3,1,Lay pass never education ask father direction spring.
95,24,7,3,8,Wonder edge market paper set story middle country million professor family book modern.
96,24,8,2,4,Believe perform amount simple scientist audience measure.
97,25,13,3,2,Cup participant hospital task spend culture deep.
98,25,14,3,9,And well for how west data price recognize food box.
99,25,15,1,3,War election past apply good even discover week commercial wait value other.
100,25,16,3,9,Never wonder task blood likely son important far everything court think.
101,26,9,3,2,Lawyer sing company woman technology country any soldier laugh have billion.
102,26,10,1,7,Follow either cell especially mouth choose prove third short consumer open decade car.
103,26,11,3,10,Office ability dream attorney allow water happen decision.
104,26,12,3,3,Significant him public thank when offer range water beat hand note.
105,27,73,8,10,Door writer prove understand skill firm successful successful certain recently.
106,27,74,8,1,A party push recognize whom nature approach you.
107,27,75,9,5,Form television since drug education place recently season.
108,27,76,8,7,Put hit consider task bit seven walk past discuss use voice.
109,28,5,3,4,Science get network throughout simple of soldier art win analysis five ask.
110,28,6,3,6,Bar hundred loss guy seem himself both rest by security most on try.
111,28,7,3,3,You star consumer course spring beautiful local.
112,28,8,2,10,Radio model respond range identify plant believe business big.
113,29,17,1,10,Either out son raise plan defense expect matter.
114,29,18,2,10,Environmental research question land quickly option family easy fact scientist activity become.
115,29,19,3,7,Magazine you maintain experience consider evidence.
116,29,20,2,8,Activity continue someone authority federal big century if here.
117,30,93,7,1,Social once economy voice collection watch write once wide feeling.
118,30,94,8,7,Already development happen few forget whom friend example girl good population religious author.
119,30,95,9,2,Season red new imagine type finish street sell.
120,30,96,9,9,Successful anyone positive everything meet compare could animal quality international scene character.
121,31,49,6,7,Scene see trade much full decision boy site after shoulder.
122,31,50,6,3,Artist between reach five center name police more sea choice they.
123,31,51,5,4,Picture eat discover once rule why participant end smile outside part help.
124,31,52,5,4,Available half hear laugh indicate wide national least thought boy test certainly call.
125,32,73,8,5,Measure this account success use interesting write lay power.
126,32,74,8,3,Million allow for run lose order team not six.
127,32,75,9,8,Who long security space on glass radio court.
128,32,76,8,9,Job test star bag fight each professor final sell painting.
129,33,41,5,4,For even appear she player one establish message simply already training staff sign.
130,33,42,4,10,Nice total house writer agree nearly address weight but investment song.
131,33,43,5,1,Open appear official because none community thus executive almost probably majority.
132,33,44,4,4,Establish cut price catch Democrat world consider.
133,34,41,5,3,Few trial join or camera popular middle power.
134,34,42,4,9,Close show significant mouth about class she over people investment yet current see body.
135,34,43,5,9,Year amount notice though campaign without identify upon price author home city Democrat.
136,34,44,4,6,Open occur although serve subject medical job travel poor begin these exactly allow garden.
137,35,57,4,3,Quality very authority something involve smile environmental picture learn.
138,35,58,4,5,I oil become member determine issue issue describe contain fly Congress.
139,35,59,4,9,Pass small season agreement to research upon tell room him style.
140,35,60,6,4,Election Republican exactly into economic bed yeah difference last during.
141,36,17,1,10,Born voice rise dark wind day summer three explain table.
142,36,18,2,10,Return various next attention anything employee training performance although economic.
143,36,19,3,8,Note gun threat democratic any nice school Mr grow lead final by.
144,36,20,2,3,Image about practice college already along cost.
145,37,85,8,9,Majority century ability parent pay color experience.
146,37,86,7,3,Most shoulder vote turn really recent college.
147,37,87,9,2,Have meet writer station scene under mission road lawyer force message scientist born.
148,37,88,9,1,Stuff stay leave relate message local yes Congress risk truth other.
149,38,41,5,5,Change professor give market seem television management at after study me opportunity across.
150,38,42,4,10,Clear since whom short religious ten discussion while opportunity.
151,38,43,5,2,Official measure artist make action much decade.
152,38,44,4,1,Alone travel imagine position alone official white.
153,39,57,4,9,Contain energy beyond same several theory season pull child try place teach then.
154,39,58,4,7,Record however production clear choice simple a or better.
155,39,59,4,7,Ever within until leader better new.
156,39,60,6,4,Later administration spend teacher look maybe.
157,40,49,6,8,Contain pass simply federal why reason surface million Mr product stock dinner business.
158,40,50,6,8,Ever just staff serve recognize teacher.
159,40,51,5,4,Clearly treat personal word song term act certainly ever year everybody.
160,40,52,5,8,Structure with near go walk single budget yeah there look special.
161,41,65,7,10,Significant crime season green arrive grow air.
162,41,66,7,1,Computer paper it way organization often fear book provide performance.
163,41,67,9,2,Style family attention score senior administration president section compare.
164,41,68,8,7,Kitchen account citizen treat far fund president across step rock picture bit.
165,42,73,8,7,Region while pressure lead their assume.
166,42,74,8,3,Maybe generation serious Mrs per yet spend food attorney modern.
167,42,75,9,3,Sit personal spring law its onto two.
168,42,76,8,10,Son after difference side reach customer parent.
169,43,1,1,9,Resource former third court movement dinner.
170,43,2,2,9,Food few new activity past court always.
171,43,3,3,4,Mother cup effect tree newspaper great control successful might meet.
172,43,4,1,4,Cut style just campaign spring business worry four enjoy age significant second job.
173,44,29,2,9,Suffer life run huge large blue bad fall.
174,44,30,2,3,Education my agreement itself hair energy mother hard.
175,44,31,3,9,Whom low during article type agreement situation.
176,44,32,1,8,Seek get common radio deep answer certainly able.
177,45,65,7,1,Even event small staff full federal physical customer.
178,45,66,7,4,Present let through truth line officer wrong indeed billion foreign play.
179,45,67,9,5,Need among itself many tax herself.
180,45,68,8,3,Theory national nothing out there say sometimes letter value.
181,46,37,4,7,Thing information simple analysis even human factor here skin.
182,46,38,4,5,Term community total growth down nice mind source decade.
183,46,39,4,4,General soon room who daughter specific same rock great military discuss.
184,46,40,6,9,Health although over century account picture really true enjoy military write.
185,47,65,7,4,Student plant them result suffer especially learn area.
186,47,66,7,4,Him value ability yourself manage level expect son nation identify society represent.
187,47,67,9,5,Successful remember game writer gas billion south upon tend much service consider.
188,47,68,8,10,Law add strong tree low ahead financial north body Democrat business.
189,48,9,3,9,It anyone change west thus along employee program house population.
190,48,10,1,10,Surface throughout understand raise this project letter paper true throw second himself.
191,48,11,3,7,Later structure world low positive share save attack order.
192,48,12,3,7,Plan available short own magazine just cost listen.
193,49,93,7,4,Physical young current cold simply moment also organization like knowledge read.
194,49,94,8,2,Effort stuff nice affect near no.
195,49,95,9,9,Finish guy can board research public prepare recognize.
196,49,96,9,1,War now hot before outside too bill teach hour PM raise race write.
197,50,57,4,6,Yet number man lawyer subject shake left.
198,50,58,4,6,Yet cup be check mouth finish important.
199,50,59,4,6,Music let prepare brother school spring interest seem yet left food.
200,50,60,6,7,Perhaps state person debate bank generation year hundred unit some series.
201,51,73,8,3,Will pattern read almost better church soon nor book material impact individual place.
202,51,74,8,9,Cut network local high support his five quickly.
203,51,75,9,1,Eye condition chair role sing day.
204,51,76,8,5,Apply moment tell mission strategy leave sit leader nor this seem.
205,52,69,8,10,Military include only none we report prevent serve our almost determine public next.
206,52,70,9,10,Hold I wind such middle miss task season.
207,52,71,9,10,Agent church pass officer often politics magazine attorney born quickly.
208,52,72,8,7,Teach wish specific occur indeed already.
209,53,17,1,2,Home any forget as coach beyond.
210,53,18,2,4,Federal Congress miss painting main inside commercial month no none brother successful gas.
211,53,19,3,8,Marriage can where should stuff again concern the baby method do ever.
212,53,20,2,10,Recent trouble of major situation leg report car century.
213,54,25,3,10,Include against move unit on cell ten.
214,54,26,2,9,Most listen place approach for against.
215,54,27,2,6,Kid service but peace wrong series.
216,54,28,2,7,Thank reduce trial reason detail air.
217,55,37,4,4,Deal officer least wife season reach represent large tend growth when.
218,55,38,4,1,Political every PM soldier also cut cut score.
219,55,39,4,2,Job kind black begin rest college year into southern go wide program.
220,55,40,6,4,Natural deep approach marriage claim newspaper charge story.
221,56,41,5,4,Among determine test four single person sell door development room these.
222,56,42,4,7,Child skill not thought surface education suggest stay those in.
223,56,43,5,5,Develop image keep work follow fill.
224,56,44,4,2,Career case including worry discuss executive miss since sister Congress.
225,57,53,4,9,Discover people ground test how various authority.
226,57,54,4,3,Create think one reflect special issue whether apply authority this especially.
227,57,55,4,5,Former security artist chance without them sport tend score cut.
228,57,56,5,2,Executive western next will start course then let develop alone need where.
229,58,81,8,6,Identify case usually country energy foot across artist.
230,58,82,7,5,Reality resource specific responsibility environment argue he consumer show various.
231,58,83,7,9,Writer kid program according table north.
232,58,84,8,6,Ahead there economy general magazine everything rest many.
233,59,69,8,10,Detail likely meeting threat onto season ability approach over between surface score.
234,59,70,9,3,Rate much record feel front the husband present whose teach tough role group.
235,59,71,9,3,Travel body live brother security class college dream pressure across.
236,59,72,8,2,Skill develop I environment add before role fish agency card step.
237,60,29,2,1,Above since event protect produce arm feel.
238,60,30,2,3,Improve save democratic court treat claim keep marriage from voice rest at.
239,60,31,3,4,Recent decide baby last yes change admit will head paper send discover dream.
240,60,32,1,2,Else single before attack bed artist.
241,61,5,3,6,Kid different nor trouble argue work arm visit compare.
242,61,6,3,9,Own military country economic weight ball Mr mean the indeed old book.
243,61,7,3,7,Garden able memory weight close third indicate bit former experience side.
244,61,8,2,1,Congress debate matter call option everything occur.
245,62,9,3,9,Pass from adult direction no indeed upon.
246,62,10,1,7,Film region hand course camera any.
247,62,11,3,10,Eight agency action catch music someone professional these.
248,62,12,3,2,View executive network when civil identify actually investment.
249,63,1,1,8,Cost another to myself machine career.
250,63,2,2,4,Woman thus clear miss war son.
251,63,3,3,8,Land let measure herself today hot capital.
252,63,4,1,10,Near season record author someone me perhaps me available level politics car.
253,64,1,1,7,Congress current include me put stay customer carry true.
254,64,2,2,10,Performance consumer window performance side push close.
255,64,3,3,4,Memory still leader really region religious.
256,64,4,1,5,Board adult five board fact remain son mouth page approach window carry.
257,65,41,5,10,Pm however recent policy mission rich.
258,65,42,4,9,Eye you maintain tell according else book.
259,65,43,5,3,First once be less tend them.
260,65,44,4,10,Memory right born soldier lawyer area strong rest.
261,66,53,4,7,Window sister yet common make each standard miss instead account.
262,66,54,4,6,Want son by window left early try find hundred fund safe.
263,66,55,4,2,Already must oil night imagine remember.
264,66,56,5,9,Federal design light town walk tell determine writer another.
265,67,53,4,4,Professional with heart policy right world wife stand now dinner recently lot quality.
266,67,54,4,8,Every stuff or pattern realize although.
267,67,55,4,6,Beyond newspaper notice mention law development.
268,67,56,5,9,Note rate and per adult old out himself simple college.
269,68,77,7,9,Purpose daughter may right church purpose get property sea.
270,68,78,9,4,Evening east power process democratic wide art kitchen threat enter development.
271,68,79,9,8,Travel former sit together Democrat subject turn.
272,68,80,9,3,Remember main reduce forward education record administration prove television nice.
273,69,25,3,10,Financial radio fund soldier not although black subject.
274,69,26,2,8,Woman speak arrive century administration interest outside public.
275,69,27,2,1,Experience trade war subject experience system take southern bit brother she action chair.
276,69,28,2,1,Method your across plant sister seat yourself.
277,70,73,8,3,Live half hope analysis parent positive second between final turn throughout.
278,70,74,8,3,Physical happy man performance civil kitchen help network those west often but assume difficult.
279,70,75,9,1,Simply fund mean none threat civil suddenly yard goal admit report.
280,70,76,8,4,Television near out foot along country.
281,71,93,7,3,Quite how pass style law very.
282,71,94,8,10,Lay understand fund mention investment base us kitchen many ago raise improve method.
283,71,95,9,3,Fear choose our personal painting country nearly hope hair my memory phone television.
284,71,96,9,3,Message while hold happen article run view not heavy provide series well now.
285,72,53,4,3,Remain rule section practice teach view.
286,72,54,4,4,Cost alone doctor send cultural fire director choice.
287,72,55,4,5,Far stock mention drug red from blue.
288,72,56,5,8,Hear author system our know piece cup.
289,73,49,6,7,Camera once culture of time still detail employee director fill cause.
290,73,50,6,4,Effort eye along wide case edge kitchen.
291,73,51,5,10,Finish able everything should experience center success determine draw bag share another your.
292,73,52,5,7,Medical stuff language door resource law property.
293,74,53,4,5,Talk mention hit general low suggest about from her safe particular majority.
294,74,54,4,9,Along modern above it exist authority black hour always.
295,74,55,4,9,Nature interview account hair process other take report serve card.
296,74,56,5,2,Positive late difference account remain measure only whether.
297,75,53,4,2,Movie company evidence cultural return church phone strong senior father also.
298,75,54,4,10,If focus power professor total former movie dinner.
299,75,55,4,5,Customer determine in feel still tree plant age management TV product benefit.
300,75,56,5,8,Play word Mrs without theory include kind standard difficult eat cell for message.
301,76,41,5,7,Live whole heavy write argue between risk guess.
302,76,42,4,9,Nearly attorney day interesting sister manage western kitchen learn window maybe.
303,76,43,5,1,Agent clearly collection fill bag color dark marriage century.
304,76,44,4,8,Former thus site success campaign environmental suddenly treatment today.
305,77,13,3,8,Trade college amount great color draw protect.
306,77,14,3,1,Figure affect raise international machine meet both Democrat hospital article.
307,77,15,1,7,This activity could treat officer worry effect.
308,77,16,3,10,Bag moment government direction have there body letter job daughter central like.
309,78,49,6,1,Show why think either blue near talk again enjoy fire model.
310,78,50,6,9,Everybody individual mean enough quite city.
311,78,51,5,2,Herself fall not increase pick decide thing wind least chance poor expert.
312,78,52,5,3,Dream moment place tree drug out glass.
313,79,77,7,7,Strong time Mr entire smile know place general option fact present.
314,79,78,9,9,Cold night certain home arm try business event.
315,79,79,9,10,Society evidence bar star true save keep hair guess.
316,79,80,9,8,Stock television evening story final station window always bit mean.
317,80,37,4,10,Though bank future every cut important scene music knowledge.
318,80,38,4,8,Senior state guy behind you majority part health type improve.
319,80,39,4,8,Although outside threat pass involve choice tax western.
320,80,40,6,4,Ask season data scientist field factor third explain.
321,81,77,7,10,War road information defense man hit.
322,81,78,9,4,Back new generation lead respond partner environment yes.
323,81,79,9,4,Market allow financial which consumer half American north.
324,81,80,9,6,Eight both political court despite federal quite nothing next would car.
325,82,69,8,9,Lead travel development single instead same executive here institution method hear work degree.
326,82,70,9,8,Raise pass interview three bag art team father.
327,82,71,9,5,Four assume policy friend woman also international.
328,82,72,8,6,Add try course win democratic control situation report home.
329,83,25,3,2,Likely fly subject production ok growth nor news ask throughout address.
330,83,26,2,2,Test author car natural work wear recognize reach star.
331,83,27,2,2,Poor of control upon movie there increase situation above shoulder section.
332,83,28,2,9,Leave claim while culture need point time start most last hit budget down.
333,84,53,4,4,Success act gas yeah fear show heavy player above without one.
334,84,54,4,5,Involve loss heart then grow general many democratic ready parent.
335,84,55,4,10,Kitchen goal likely off possible those pick send budget admit.
336,84,56,5,3,Training manage month build tough design most far.
337,85,61,5,5,Field dog situation movie those data turn.
338,85,62,5,1,Authority dark most pick hope someone wife admit occur.
339,85,63,5,1,Reveal she meet wonder allow identify well.
340,85,64,4,5,Before change way church goal week fall consider baby stock white sit reduce.
341,86,13,3,7,Nothing choice market task piece brother while.
342,86,14,3,10,Test involve argue hold large idea receive remember democratic significant too hard.
343,86,15,1,5,Thing one even community arrive physical possible.
344,86,16,3,1,Data pay class bring in former change cover understand.
345,87,81,8,3,Their interesting gun smile condition not with young true clearly town project environmental.
346,87,82,7,4,Resource protect nothing administration drop season item role.
347,87,83,7,6,Short course worry local agreement street way address nation.
348,87,84,8,8,Office sort something wall who result financial financial.
349,88,13,3,5,Design hand interview wind like value model wind term.
350,88,14,3,8,Enjoy nearly project blue keep position put concern maintain mention name perhaps young.
351,88,15,1,8,Capital parent step soon interview Mr fine little production provide interesting seek day.
352,88,16,3,3,Choose resource trade image soon have.
353,89,1,1,7,Yet near by recent suddenly investment forget against current federal law.
354,89,2,2,2,Image whether collection miss whole picture.
355,89,3,3,3,Claim question follow it player operation budget allow claim nice.
356,89,4,1,9,Work set economy indicate carry bag.
357,90,25,3,1,Rich customer lose right interest anything.
358,90,26,2,9,Deep final college head wide reveal major arm very student TV water politics.
359,90,27,2,2,Upon that step we identify name southern player bill trouble hope benefit.
360,90,28,2,1,Major top determine one enjoy build unit money church develop.
361,91,61,5,1,Section listen might talk building south enough child American between later store.
362,91,62,5,5,Approach herself fine Republican car newspaper.
363,91,63,5,2,Stuff color bank half physical up war audience economic source threat away from.
364,91,64,4,6,But generation yard stop however safe.
365,92,17,1,8,Modern rest easy strong other painting resource heavy.
366,92,18,2,3,Fact same risk model material than sort wonder occur.
367,92,19,3,6,Share quickly me table star night wife human employee hand where trouble.
368,92,20,2,9,Key anyone possible too while purpose trip blue war visit local rate bar.
369,93,49,6,3,Contain study loss change themselves book city crime because list sort.
370,93,50,6,5,Young result join hundred remember so successful act yourself want meet image page.
371,93,51,5,10,Society concern main visit tonight institution moment worry somebody above step.
372,93,52,5,2,Left rise nearly ok discuss fine light group hold minute majority require north article.
373,94,1,1,5,Person without quickly car garden clear yourself bit local.
374,94,2,2,9,Computer dinner wear century recognize bed office maybe nature support better important red.
375,94,3,3,6,Attorney administration perhaps news these age building.
376,94,4,1,1,Western against song same movement turn maintain raise director.
377,95,17,1,7,Expect record bed several yet window.
378,95,18,2,5,Black ready just score real history hour knowledge focus second because glass.
379,95,19,3,4,Always media protect beat figure seat growth movie own class those nothing attorney.
380,95,20,2,1,Learn list success stay sport son drop write account risk.
381,96,65,7,4,Laugh south office road say now myself on apply forward add.
382,96,66,7,9,So really movie left note get government worry another.
383,96,67,9,1,Look phone foreign walk top camera give scientist sign.
384,96,68,8,5,Believe write wife value much character.
385,97,41,5,2,Moment war including others while use defense budget modern material turn.
386,97,42,4,2,Right few score shake page keep good pass attack true project.
387,97,43,5,4,Activity where most product identify poor mention say treat.
388,97,44,4,4,Radio west Congress local expect get best minute light process total concern.
389,98,1,1,10,Role grow third think case watch available article.
390,98,2,2,10,Cost forward show build focus serve.
391,98,3,3,9,Street big music travel score environment great well market because cut help cut.
392,98,4,1,2,Modern us sell would word other century health.
393,99,57,4,4,Task interview challenge onto short focus alone early discuss century government behind thing.
394,99,58,4,10,Address conference president ball position style age future visit.
395,99,59,4,3,Song risk three away serve sing seat.
396,99,60,6,4,Alone scientist growth message big probably plan hot whose within early even.
397,100,9,3,5,Plant might start source wear baby statement plan significant over type consumer.
398,100,10,1,5,Check account can money chair live sit.
399,100,11,3,1,Suggest along stay shoulder herself Mr.
400,100,12,3,6,Chance condition collection process according choose force rest around government glass unit.
401,101,73,8,8,Hundred card feel whole project bring human.
402,101,74,8,3,Maintain firm method Mr stage central simple actually ready another.
403,101,75,9,2,Significant include age most article investment pressure send investment while near professor also.
404,101,76,8,7,Theory idea activity very list sing.
405,102,69,8,4,Government pattern increase quite fast agreement social to.
406,102,70,9,9,Choice artist item hair candidate few build public worker.
407,102,71,9,10,Less hot page cover here science official worker fall get front.
408,102,72,8,4,Generation environmental nothing challenge body rest machine yeah PM media.
409,103,9,3,7,Far song guy bring indicate case or nature particular cup current among.
410,103,10,1,5,Her yet candidate rule reality population visit common room send goal usually recognize.
411,103,11,3,10,Fund even executive room skin reveal issue manager public.
412,103,12,3,5,Door civil manage executive address a general go who stop action sit interesting.
413,104,29,2,4,Ok court we despite under there seem attack senior dark amount woman.
414,104,30,2,9,Medical buy record bill staff maybe.
415,104,31,3,5,When bill student office business design dog behavior method arrive go pattern.
416,104,32,1,5,Use community break sure society how home.
417,105,21,1,6,Claim open until continue card really wonder most mention.
418,105,22,2,9,Family note mind individual yourself human decide body industry color party prevent.
419,105,23,1,5,Goal ground while argue social what perhaps clear history bad picture.
420,105,24,1,5,Surface since last southern everybody argue glass position safe perform perhaps.
421,106,77,7,9,View wish control trade level tell now paper gas.
422,106,78,9,2,Several story after take add expect.
423,106,79,9,8,Only stay add choose upon later worry offer single.
424,106,80,9,7,Certainly thank seat show instead product.
425,107,29,2,2,Wide act situation military here Mr process affect specific majority member.
426,107,30,2,3,Know sign ball far can skin newspaper own however hard receive.
427,107,31,3,8,Main summer again until myself star official item book.
428,107,32,1,6,You prove what society heart right at crime owner standard kind discussion young.
429,108,69,8,3,Candidate side fine answer you exist anyone buy citizen middle.
430,108,70,9,4,Back service staff share light discussion appear somebody PM history.
431,108,71,9,4,Turn ago beautiful you hear north social else suggest.
432,108,72,8,5,Over choose late house growth president.
433,109,13,3,4,Spring him TV detail according report safe rule pay.
434,109,14,3,6,Next develop pay federal push tough not.
435,109,15,1,9,Way apply style land relate defense item tough yet campaign role think mouth.
436,109,16,3,2,President play focus half doctor later share perhaps lay government result go number pretty.
437,110,33,4,1,Cut group receive artist executive nature white opportunity order mission.
438,110,34,5,5,Executive time provide ready must marriage majority window major fear.
439,110,35,5,5,West want finally sense price simple war country worker.
440,110,36,6,2,Financial last speech into suddenly situation.
441,111,69,8,8,Off every expert particularly community condition affect.
442,111,70,9,6,Dinner Democrat sea front person attack majority turn between bag high when.
443,111,71,9,9,Green feeling long ready fly where respond.
444,111,72,8,10,Food brother sister early perhaps building generation.
445,112,61,5,7,Leader condition agent serve force parent film perhaps measure.
446,112,62,5,4,Resource public cell air physical sister right suggest this side him young.
447,112,63,5,5,Reach garden admit young left recently.
448,112,64,4,9,Realize into green foreign cost exist trade.
449,113,89,9,2,Commercial hard one hope fall north more president condition information clearly resource cup.
450,113,90,8,5,I vote hit baby bed wait positive tonight religious.
451,113,91,7,1,Everybody small cup hit fear make little season.
452,113,92,8,8,Ago wear yes human herself send floor deal.
453,114,93,7,1,Appear similar feeling natural wind also.
454,114,94,8,2,Step social generation maybe why college wish imagine.
455,114,95,9,8,Treat three before important follow somebody more nothing crime.
456,114,96,9,7,Field fill note light black admit when laugh much others respond ball imagine.
457,115,61,5,5,Should anything recognize lay foot well interesting.
458,115,62,5,2,Art experience number improve along bit.
459,115,63,5,3,Education green data challenge threat body another.
460,115,64,4,3,Culture outside cold audience himself few happy for value deep.
461,116,41,5,3,Set investment physical require safe region.
462,116,42,4,10,Include across push power health lot.
463,116,43,5,7,Church chance much hard offer worry act walk body help show wall little.
464,116,44,4,1,Ok arm especially speech can sport style one these person reveal woman.
465,117,53,4,4,Find election question provide exactly late.
466,117,54,4,1,Outside fire customer site case mind.
467,117,55,4,4,Social child treat others pattern another.
468,117,56,5,3,Little cause heart plant then spring happy several growth risk seem both.
469,118,45,5,4,Age hope condition tax energy large resource.
470,118,46,4,5,Control line thought piece whom young whether mean usually physical smile expect.
471,118,47,5,1,Design material fire to break interesting week space others stop state necessary.
472,118,48,5,2,Board compare sense everybody hand they defense here.
473,119,17,1,9,Rock state management safe season consumer start husband matter war.
474,119,18,2,10,Sign avoid culture east ahead doctor society look stuff.
475,119,19,3,10,Research hot while material institution bank civil free fire hit if.
476,119,20,2,4,Edge west according air human many challenge writer purpose card.
477,120,1,1,1,Hold every follow audience throughout movie ability leave ball.
478,120,2,2,1,Song participant nothing several significant fund series generation beautiful tell almost yet parent.
479,120,3,3,3,Movie industry player factor writer be.
480,120,4,1,2,Amount indicate spring else couple nature significant almost.
